------------TracingOutcomeCareEnded
-- master
If Not Exists(Select 1 From LookupMaster where Name='TracingOutcomeCareEnded') Begin INSERT INTO LookupMaster (Name, DisplayName, DeleteFlag) VALUES ('TracingOutcomeCareEnded','TracingOutcomeCareEnded',0); End

-- lookupitem
If Not Exists(Select 1 From LookupItem where Name='Traced and located') Begin INSERT INTO LookupItem (Name, DisplayName, DeleteFlag) VALUES ('Traced and located','Traced and located',0); End
If Not Exists(Select 1 From LookupItem where Name='Traced patient (unable to locate)') Begin INSERT INTO LookupItem (Name, DisplayName, DeleteFlag) VALUES ('Traced patient (unable to locate)','Traced patient (unable to locate)',0); End
If Not Exists(Select 1 From LookupItem where Name='Did not attempt to trace patient') Begin INSERT INTO LookupItem (Name, DisplayName, DeleteFlag) VALUES ('Did not attempt to trace patient','Did not attempt to trace patient',0); End


-- LookupMasterItem
If Not Exists(Select 1 From LookupMasterItem where LookupMasterId=(SELECT TOP 1 Id FROM LookupMaster WHERE Name='TracingOutcomeCareEnded') and LookupItemId=(SELECT TOP 1 Id FROM LookupItem WHERE Name='Traced and located')) Begin Insert Into LookupMasterItem(LookupMasterId ,LookupItemId,DisplayName, OrdRank)VALUES((SELECT TOP 1 Id FROM LookupMaster WHERE Name='TracingOutcomeCareEnded'),(SELECT TOP 1 Id FROM LookupItem WHERE Name='Traced and located'),'Traced and located',1); end
If Not Exists(Select 1 From LookupMasterItem where LookupMasterId=(SELECT TOP 1 Id FROM LookupMaster WHERE Name='TracingOutcomeCareEnded') and LookupItemId=(SELECT TOP 1 Id FROM LookupItem WHERE Name='Traced patient (unable to locate)')) Begin Insert Into LookupMasterItem(LookupMasterId ,LookupItemId,DisplayName, OrdRank)VALUES((SELECT TOP 1 Id FROM LookupMaster WHERE Name='TracingOutcomeCareEnded'),(SELECT TOP 1 Id FROM LookupItem WHERE Name='Traced patient (unable to locate)'),'Traced patient (unable to locate)',2); end
If Not Exists(Select 1 From LookupMasterItem where LookupMasterId=(SELECT TOP 1 Id FROM LookupMaster WHERE Name='TracingOutcomeCareEnded') and LookupItemId=(SELECT TOP 1 Id FROM LookupItem WHERE Name='Did not attempt to trace patient')) Begin Insert Into LookupMasterItem(LookupMasterId ,LookupItemId,DisplayName, OrdRank)VALUES((SELECT TOP 1 Id FROM LookupMaster WHERE Name='TracingOutcomeCareEnded'),(SELECT TOP 1 Id FROM LookupItem WHERE Name='Did not attempt to trace patient'),'Did not attempt to trace patient',3); end 



------------ReasonLostToFollowupCareEnded
-- master
If Not Exists(Select 1 From LookupMaster where Name='ReasonLostToFollowupCareEnded') Begin INSERT INTO LookupMaster (Name, DisplayName, DeleteFlag) VALUES ('ReasonLostToFollowupCareEnded','ReasonLostToFollowupCareEnded',0); End

-- lookupitem
If Not Exists(Select 1 From LookupItem where Name='Previously undocumented patient transfer (Self Transfer)') Begin INSERT INTO LookupItem (Name, DisplayName, DeleteFlag) VALUES ('Previously undocumented patient transfer (Self Transfer)','Previously undocumented patient transfer (Self Transfer)',0); End


-- LookupMasterItem
If Not Exists(Select 1 From LookupMasterItem where LookupMasterId=(SELECT TOP 1 Id FROM LookupMaster WHERE Name='ReasonLostToFollowupCareEnded') and LookupItemId=(SELECT TOP 1 Id FROM LookupItem WHERE Name='Previously undocumented patient transfer (Self Transfer)')) Begin Insert Into LookupMasterItem(LookupMasterId ,LookupItemId,DisplayName, OrdRank)VALUES((SELECT TOP 1 Id FROM LookupMaster WHERE Name='ReasonLostToFollowupCareEnded'),(SELECT TOP 1 Id FROM LookupItem WHERE Name='Previously undocumented patient transfer (Self Transfer)'),'Previously undocumented patient transfer (Self Transfer)',1); end


------------ReasonForDeathCareEnded
-- master
If Not Exists(Select 1 From LookupMaster where Name='ReasonForDeathCareEnded') Begin INSERT INTO LookupMaster (Name, DisplayName, DeleteFlag) VALUES ('ReasonForDeathCareEnded','ReasonForDeathCareEnded',0); End

-- lookupitem
If Not Exists(Select 1 From LookupItem where Name='HIV disease resulting in TB') Begin INSERT INTO LookupItem (Name, DisplayName, DeleteFlag) VALUES ('HIV disease resulting in TB','HIV disease resulting in TB',0); End
If Not Exists(Select 1 From LookupItem where Name='HIV disease resulting in cancer') Begin INSERT INTO LookupItem (Name, DisplayName, DeleteFlag) VALUES ('HIV disease resulting in cancer','HIV disease resulting in cancer',0); End
If Not Exists(Select 1 From LookupItem where Name='HIV disease resulting in other infectious and parasitic diseases') Begin INSERT INTO LookupItem (Name, DisplayName, DeleteFlag) VALUES ('HIV disease resulting in other infectious and parasitic diseases','HIV disease resulting in other infectious and parasitic diseases',0); End
If Not Exists(Select 1 From LookupItem where Name='Other HIV disease resulting in other diseases or conditions leading to death') Begin INSERT INTO LookupItem (Name, DisplayName, DeleteFlag) VALUES ('Other HIV disease resulting in other diseases or conditions leading to death','Other HIV disease resulting in other diseases or conditions leading to death',0); End
If Not Exists(Select 1 From LookupItem where Name='Other natural causes not directly related to HIV') Begin INSERT INTO LookupItem (Name, DisplayName, DeleteFlag) VALUES ('Other natural causes not directly related to HIV','Other natural causes not directly related to HIV',0); End
If Not Exists(Select 1 From LookupItem where Name='Non-natural causes (e.g, trauma, accident, suicide, war, etc)') Begin INSERT INTO LookupItem (Name, DisplayName, DeleteFlag) VALUES ('Non-natural causes (e.g, trauma, accident, suicide, war, etc)','Non-natural causes (e.g, trauma, accident, suicide, war, etc)',0); End
If Not Exists(Select 1 From LookupItem where Name='Unknown cause') Begin INSERT INTO LookupItem (Name, DisplayName, DeleteFlag) VALUES ('Unknown cause','Unknown cause',0); End

-- LookupMasterItem
If Not Exists(Select 1 From LookupMasterItem where LookupMasterId=(SELECT TOP 1 Id FROM LookupMaster WHERE Name='ReasonForDeathCareEnded') and LookupItemId=(SELECT TOP 1 Id FROM LookupItem WHERE Name='HIV disease resulting in TB')) Begin Insert Into LookupMasterItem(LookupMasterId ,LookupItemId,DisplayName, OrdRank)VALUES((SELECT TOP 1 Id FROM LookupMaster WHERE Name='ReasonForDeathCareEnded'),(SELECT TOP 1 Id FROM LookupItem WHERE Name='HIV disease resulting in TB'),'HIV disease resulting in TB',1); end
If Not Exists(Select 1 From LookupMasterItem where LookupMasterId=(SELECT TOP 1 Id FROM LookupMaster WHERE Name='ReasonForDeathCareEnded') and LookupItemId=(SELECT TOP 1 Id FROM LookupItem WHERE Name='HIV disease resulting in cancer')) Begin Insert Into LookupMasterItem(LookupMasterId ,LookupItemId,DisplayName, OrdRank)VALUES((SELECT TOP 1 Id FROM LookupMaster WHERE Name='ReasonForDeathCareEnded'),(SELECT TOP 1 Id FROM LookupItem WHERE Name='HIV disease resulting in cancer'),'HIV disease resulting in cancer',2); end
If Not Exists(Select 1 From LookupMasterItem where LookupMasterId=(SELECT TOP 1 Id FROM LookupMaster WHERE Name='ReasonForDeathCareEnded') and LookupItemId=(SELECT TOP 1 Id FROM LookupItem WHERE Name='HIV disease resulting in other infectious and parasitic diseases')) Begin Insert Into LookupMasterItem(LookupMasterId ,LookupItemId,DisplayName, OrdRank)VALUES((SELECT TOP 1 Id FROM LookupMaster WHERE Name='ReasonForDeathCareEnded'),(SELECT TOP 1 Id FROM LookupItem WHERE Name='HIV disease resulting in other infectious and parasitic diseases'),'HIV disease resulting in other infectious and parasitic diseases',3); end
If Not Exists(Select 1 From LookupMasterItem where LookupMasterId=(SELECT TOP 1 Id FROM LookupMaster WHERE Name='ReasonForDeathCareEnded') and LookupItemId=(SELECT TOP 1 Id FROM LookupItem WHERE Name='Other HIV disease resulting in other diseases or conditions leading to death')) Begin Insert Into LookupMasterItem(LookupMasterId ,LookupItemId,DisplayName, OrdRank)VALUES((SELECT TOP 1 Id FROM LookupMaster WHERE Name='ReasonForDeathCareEnded'),(SELECT TOP 1 Id FROM LookupItem WHERE Name='Other HIV disease resulting in other diseases or conditions leading to death'),'Other HIV disease resulting in other diseases or conditions leading to death',4); end
If Not Exists(Select 1 From LookupMasterItem where LookupMasterId=(SELECT TOP 1 Id FROM LookupMaster WHERE Name='ReasonForDeathCareEnded') and LookupItemId=(SELECT TOP 1 Id FROM LookupItem WHERE Name='Other natural causes not directly related to HIV')) Begin Insert Into LookupMasterItem(LookupMasterId ,LookupItemId,DisplayName, OrdRank)VALUES((SELECT TOP 1 Id FROM LookupMaster WHERE Name='ReasonForDeathCareEnded'),(SELECT TOP 1 Id FROM LookupItem WHERE Name='Other natural causes not directly related to HIV'),'Other natural causes not directly related to HIV',5); end
If Not Exists(Select 1 From LookupMasterItem where LookupMasterId=(SELECT TOP 1 Id FROM LookupMaster WHERE Name='ReasonForDeathCareEnded') and LookupItemId=(SELECT TOP 1 Id FROM LookupItem WHERE Name='Non-natural causes (e.g, trauma, accident, suicide, war, etc)')) Begin Insert Into LookupMasterItem(LookupMasterId ,LookupItemId,DisplayName, OrdRank)VALUES((SELECT TOP 1 Id FROM LookupMaster WHERE Name='ReasonForDeathCareEnded'),(SELECT TOP 1 Id FROM LookupItem WHERE Name='Non-natural causes (e.g, trauma, accident, suicide, war, etc)'),'Non-natural causes (e.g, trauma, accident, suicide, war, etc)',6); end
If Not Exists(Select 1 From LookupMasterItem where LookupMasterId=(SELECT TOP 1 Id FROM LookupMaster WHERE Name='ReasonForDeathCareEnded') and LookupItemId=(SELECT TOP 1 Id FROM LookupItem WHERE Name='Unknown cause')) Begin Insert Into LookupMasterItem(LookupMasterId ,LookupItemId,DisplayName, OrdRank)VALUES((SELECT TOP 1 Id FROM LookupMaster WHERE Name='ReasonForDeathCareEnded'),(SELECT TOP 1 Id FROM LookupItem WHERE Name='Unknown cause'),'Unknown cause',7); end

------------SpecificCauseOfDeathCareEnded
-- master
If Not Exists(Select 1 From LookupMaster where Name='SpecificDeathTBCareEnded') Begin INSERT INTO LookupMaster (Name, DisplayName, DeleteFlag) VALUES ('SpecificDeathTBCareEnded','SpecificDeathTBCareEnded',0); End

-- lookupitem
If Not Exists(Select 1 From LookupItem where Name='B20.0 HIV disease resulting in mycobacterial infection') Begin INSERT INTO LookupItem (Name, DisplayName, DeleteFlag) VALUES ('B20.0 HIV disease resulting in mycobacterial infection','B20.0 HIV disease resulting in mycobacterial infection',0); End
-- LookupMasterItem
If Not Exists(Select 1 From LookupMasterItem where LookupMasterId=(SELECT TOP 1 Id FROM LookupMaster WHERE Name='SpecificDeathTBCareEnded') and LookupItemId=(SELECT TOP 1 Id FROM LookupItem WHERE Name='B20.0 HIV disease resulting in mycobacterial infection')) Begin Insert Into LookupMasterItem(LookupMasterId ,LookupItemId,DisplayName, OrdRank)VALUES((SELECT TOP 1 Id FROM LookupMaster WHERE Name='SpecificDeathTBCareEnded'),(SELECT TOP 1 Id FROM LookupItem WHERE Name='B20.0 HIV disease resulting in mycobacterial infection'),'B20.0 HIV disease resulting in mycobacterial infection',1); end

------------SpecificCauseOfDeathCareEnded
-- master
If Not Exists(Select 1 From LookupMaster where Name='SpecificDeathHIVCareEnded') Begin INSERT INTO LookupMaster (Name, DisplayName, DeleteFlag) VALUES ('SpecificDeathHIVCareEnded','SpecificDeathHIVCareEnded',0); End

If Not Exists(Select 1 From LookupItem where Name='B21.0 HIV disease resulting in Kaposi''s sarcoma') Begin INSERT INTO LookupItem (Name, DisplayName, DeleteFlag) VALUES ('B21.0 HIV disease resulting in Kaposi''s sarcoma','B21.0 HIV disease resulting in Kaposi''s sarcoma',0); End
If Not Exists(Select 1 From LookupItem where Name='B21.1 HIV disease resulting in Burkitt''s lymphoma') Begin INSERT INTO LookupItem (Name, DisplayName, DeleteFlag) VALUES ('B21.1 HIV disease resulting in Burkitt''s lymphoma','B21.1 HIV disease resulting in Burkitt''s lymphoma',0); End
If Not Exists(Select 1 From LookupItem where Name='B21.2 HIV disease resulting in other types of non-Hodgkin lymphoma') Begin INSERT INTO LookupItem (Name, DisplayName, DeleteFlag) VALUES ('B21.2 HIV disease resulting in other types of non-Hodgkin lymphoma','B21.2 HIV disease resulting in other types of non-Hodgkin lymphoma',0); End
If Not Exists(Select 1 From LookupItem where Name='B21.3 HIV disease resulting in other malignant neoplasms of lymphoid, haematopoietic and related tissue') Begin INSERT INTO LookupItem (Name, DisplayName, DeleteFlag) VALUES ('B21.3 HIV disease resulting in other malignant neoplasms of lymphoid, haematopoietic and related tissue','B21.3 HIV disease resulting in other malignant neoplasms of lymphoid, haematopoietic and related tissue',0); End
If Not Exists(Select 1 From LookupItem where Name='B21.7 HIV disease resulting in multiple malignant neoplasms') Begin INSERT INTO LookupItem (Name, DisplayName, DeleteFlag) VALUES ('B21.7 HIV disease resulting in multiple malignant neoplasms','B21.7 HIV disease resulting in multiple malignant neoplasms',0); End
If Not Exists(Select 1 From LookupItem where Name='B21.8 HIV disease resulting in other malignant neoplasms') Begin INSERT INTO LookupItem (Name, DisplayName, DeleteFlag) VALUES ('B21.8 HIV disease resulting in other malignant neoplasms','B21.8 HIV disease resulting in other malignant neoplasms',0); End
If Not Exists(Select 1 From LookupItem where Name='B21.9 HIV disease resulting in unspecified malignant neoplasms') Begin INSERT INTO LookupItem (Name, DisplayName, DeleteFlag) VALUES ('B21.9 HIV disease resulting in unspecified malignant neoplasms','B21.9 HIV disease resulting in unspecified malignant neoplasms',0); End


-- LookupMasterItem
If Not Exists(Select 1 From LookupMasterItem where LookupMasterId=(SELECT TOP 1 Id FROM LookupMaster WHERE Name='SpecificDeathHIVCareEnded') and LookupItemId=(SELECT TOP 1 Id FROM LookupItem WHERE Name='B21.0 HIV disease resulting in Kaposi''s sarcoma')) Begin Insert Into LookupMasterItem(LookupMasterId ,LookupItemId,DisplayName, OrdRank)VALUES((SELECT TOP 1 Id FROM LookupMaster WHERE Name='SpecificDeathHIVCareEnded'),(SELECT TOP 1 Id FROM LookupItem WHERE Name='B21.0 HIV disease resulting in Kaposi''s sarcoma'),'B21.0 HIV disease resulting in Kaposi''s sarcoma',1); end
If Not Exists(Select 1 From LookupMasterItem where LookupMasterId=(SELECT TOP 1 Id FROM LookupMaster WHERE Name='SpecificDeathHIVCareEnded') and LookupItemId=(SELECT TOP 1 Id FROM LookupItem WHERE Name='B21.1 HIV disease resulting in Burkitt''s lymphoma')) Begin Insert Into LookupMasterItem(LookupMasterId ,LookupItemId,DisplayName, OrdRank)VALUES((SELECT TOP 1 Id FROM LookupMaster WHERE Name='SpecificDeathHIVCareEnded'),(SELECT TOP 1 Id FROM LookupItem WHERE Name='B21.1 HIV disease resulting in Burkitt''s lymphoma'),'B21.1 HIV disease resulting in Burkitt''s lymphoma',2); end
If Not Exists(Select 1 From LookupMasterItem where LookupMasterId=(SELECT TOP 1 Id FROM LookupMaster WHERE Name='SpecificDeathHIVCareEnded') and LookupItemId=(SELECT TOP 1 Id FROM LookupItem WHERE Name='B21.2 HIV disease resulting in other types of non-Hodgkin lymphoma')) Begin Insert Into LookupMasterItem(LookupMasterId ,LookupItemId,DisplayName, OrdRank)VALUES((SELECT TOP 1 Id FROM LookupMaster WHERE Name='SpecificDeathHIVCareEnded'),(SELECT TOP 1 Id FROM LookupItem WHERE Name='B21.2 HIV disease resulting in other types of non-Hodgkin lymphoma'),'B21.2 HIV disease resulting in other types of non-Hodgkin lymphoma',3); end
If Not Exists(Select 1 From LookupMasterItem where LookupMasterId=(SELECT TOP 1 Id FROM LookupMaster WHERE Name='SpecificDeathHIVCareEnded') and LookupItemId=(SELECT TOP 1 Id FROM LookupItem WHERE Name='B21.3 HIV disease resulting in other malignant neoplasms of lymphoid, haematopoietic and related tissue')) Begin Insert Into LookupMasterItem(LookupMasterId ,LookupItemId,DisplayName, OrdRank)VALUES((SELECT TOP 1 Id FROM LookupMaster WHERE Name='SpecificDeathHIVCareEnded'),(SELECT TOP 1 Id FROM LookupItem WHERE Name='B21.3 HIV disease resulting in other malignant neoplasms of lymphoid, haematopoietic and related tissue'),'B21.3 HIV disease resulting in other malignant neoplasms of lymphoid, haematopoietic and related tissue',4); end
If Not Exists(Select 1 From LookupMasterItem where LookupMasterId=(SELECT TOP 1 Id FROM LookupMaster WHERE Name='SpecificDeathHIVCareEnded') and LookupItemId=(SELECT TOP 1 Id FROM LookupItem WHERE Name='B21.7 HIV disease resulting in multiple malignant neoplasms')) Begin Insert Into LookupMasterItem(LookupMasterId ,LookupItemId,DisplayName, OrdRank)VALUES((SELECT TOP 1 Id FROM LookupMaster WHERE Name='SpecificDeathHIVCareEnded'),(SELECT TOP 1 Id FROM LookupItem WHERE Name='B21.7 HIV disease resulting in multiple malignant neoplasms'),'B21.7 HIV disease resulting in multiple malignant neoplasms',5); end
If Not Exists(Select 1 From LookupMasterItem where LookupMasterId=(SELECT TOP 1 Id FROM LookupMaster WHERE Name='SpecificDeathHIVCareEnded') and LookupItemId=(SELECT TOP 1 Id FROM LookupItem WHERE Name='B21.8 HIV disease resulting in other malignant neoplasms')) Begin Insert Into LookupMasterItem(LookupMasterId ,LookupItemId,DisplayName, OrdRank)VALUES((SELECT TOP 1 Id FROM LookupMaster WHERE Name='SpecificDeathHIVCareEnded'),(SELECT TOP 1 Id FROM LookupItem WHERE Name='B21.8 HIV disease resulting in other malignant neoplasms'),'B21.8 HIV disease resulting in other malignant neoplasms',6); end
If Not Exists(Select 1 From LookupMasterItem where LookupMasterId=(SELECT TOP 1 Id FROM LookupMaster WHERE Name='SpecificDeathHIVCareEnded') and LookupItemId=(SELECT TOP 1 Id FROM LookupItem WHERE Name='B21.9 HIV disease resulting in unspecified malignant neoplasms')) Begin Insert Into LookupMasterItem(LookupMasterId ,LookupItemId,DisplayName, OrdRank)VALUES((SELECT TOP 1 Id FROM LookupMaster WHERE Name='SpecificDeathHIVCareEnded'),(SELECT TOP 1 Id FROM LookupItem WHERE Name='B21.9 HIV disease resulting in unspecified malignant neoplasms'),'B21.9 HIV disease resulting in unspecified malignant neoplasms',7); end

------------SpecificCauseOfDeathCareEnded
-- master
If Not Exists(Select 1 From LookupMaster where Name='SpecificDeathInfectiousCareEnded') Begin INSERT INTO LookupMaster (Name, DisplayName, DeleteFlag) VALUES ('SpecificDeathInfectiousCareEnded','SpecificDeathInfectiousCareEnded',0); End

If Not Exists(Select 1 From LookupItem where Name='B20.1 HIV disease resulting in other bacterial infections') Begin INSERT INTO LookupItem (Name, DisplayName, DeleteFlag) VALUES ('B20.1 HIV disease resulting in other bacterial infections','B20.1 HIV disease resulting in other bacterial infections',0); End
If Not Exists(Select 1 From LookupItem where Name='B20.2 HIV disease resulting in cytomegaloviral disease') Begin INSERT INTO LookupItem (Name, DisplayName, DeleteFlag) VALUES ('B20.2 HIV disease resulting in cytomegaloviral disease','B20.2 HIV disease resulting in cytomegaloviral disease',0); End
If Not Exists(Select 1 From LookupItem where Name='B20.3 HIV disease resulting in other viral infections') Begin INSERT INTO LookupItem (Name, DisplayName, DeleteFlag) VALUES ('B20.3 HIV disease resulting in other viral infections','B20.3 HIV disease resulting in other viral infections',0); End
If Not Exists(Select 1 From LookupItem where Name='B20.4 HIV disease resulting in candidiasis') Begin INSERT INTO LookupItem (Name, DisplayName, DeleteFlag) VALUES ('B20.4 HIV disease resulting in candidiasis','B20.4 HIV disease resulting in candidiasis',0); End
If Not Exists(Select 1 From LookupItem where Name='B20.5 HIV disease resulting in other mycoses') Begin INSERT INTO LookupItem (Name, DisplayName, DeleteFlag) VALUES ('B20.5 HIV disease resulting in other mycoses','B20.5 HIV disease resulting in other mycoses',0); End
If Not Exists(Select 1 From LookupItem where Name='B20.6 HIV disease resulting in Pneumocystis jirovecii pneumonia – HIV disease resulting in Pneumocystis carinii pneumonia') Begin INSERT INTO LookupItem (Name, DisplayName, DeleteFlag) VALUES ('B20.6 HIV disease resulting in Pneumocystis jirovecii pneumonia – HIV disease resulting in Pneumocystis carinii pneumonia','B20.6 HIV disease resulting in Pneumocystis jirovecii pneumonia – HIV disease resulting in Pneumocystis carinii pneumonia',0); End
If Not Exists(Select 1 From LookupItem where Name='B20.7 HIV disease resulting in multiple infections') Begin INSERT INTO LookupItem (Name, DisplayName, DeleteFlag) VALUES ('B20.7 HIV disease resulting in multiple infections','B20.7 HIV disease resulting in multiple infections',0); End
If Not Exists(Select 1 From LookupItem where Name='B20.8 HIV disease resulting in other infectious and parasitic diseases') Begin INSERT INTO LookupItem (Name, DisplayName, DeleteFlag) VALUES ('B20.8 HIV disease resulting in other infectious and parasitic diseases','B20.8 HIV disease resulting in other infectious and parasitic diseases',0); End
If Not Exists(Select 1 From LookupItem where Name='B20.9 HIV disease resulting in unspecified infectious or parasitic disease – HIV disease resulting in infection NOS') Begin INSERT INTO LookupItem (Name, DisplayName, DeleteFlag) VALUES ('B20.9 HIV disease resulting in unspecified infectious or parasitic disease – HIV disease resulting in infection NOS','B20.9 HIV disease resulting in unspecified infectious or parasitic disease – HIV disease resulting in infection NOS',0); End

-- LookupMasterItem
If Not Exists(Select 1 From LookupMasterItem where LookupMasterId=(SELECT TOP 1 Id FROM LookupMaster WHERE Name='SpecificDeathInfectiousCareEnded') and LookupItemId=(SELECT TOP 1 Id FROM LookupItem WHERE Name='B20.1 HIV disease resulting in other bacterial infections')) Begin Insert Into LookupMasterItem(LookupMasterId ,LookupItemId,DisplayName, OrdRank)VALUES((SELECT TOP 1 Id FROM LookupMaster WHERE Name='SpecificDeathInfectiousCareEnded'),(SELECT TOP 1 Id FROM LookupItem WHERE Name='B20.1 HIV disease resulting in other bacterial infections'),'B20.1 HIV disease resulting in other bacterial infections',1); end
If Not Exists(Select 1 From LookupMasterItem where LookupMasterId=(SELECT TOP 1 Id FROM LookupMaster WHERE Name='SpecificDeathInfectiousCareEnded') and LookupItemId=(SELECT TOP 1 Id FROM LookupItem WHERE Name='B20.2 HIV disease resulting in cytomegaloviral disease')) Begin Insert Into LookupMasterItem(LookupMasterId ,LookupItemId,DisplayName, OrdRank)VALUES((SELECT TOP 1 Id FROM LookupMaster WHERE Name='SpecificDeathInfectiousCareEnded'),(SELECT TOP 1 Id FROM LookupItem WHERE Name='B20.2 HIV disease resulting in cytomegaloviral disease'),'B20.2 HIV disease resulting in cytomegaloviral disease',2); end
If Not Exists(Select 1 From LookupMasterItem where LookupMasterId=(SELECT TOP 1 Id FROM LookupMaster WHERE Name='SpecificDeathInfectiousCareEnded') and LookupItemId=(SELECT TOP 1 Id FROM LookupItem WHERE Name='B20.3 HIV disease resulting in other viral infections')) Begin Insert Into LookupMasterItem(LookupMasterId ,LookupItemId,DisplayName, OrdRank)VALUES((SELECT TOP 1 Id FROM LookupMaster WHERE Name='SpecificDeathInfectiousCareEnded'),(SELECT TOP 1 Id FROM LookupItem WHERE Name='B20.3 HIV disease resulting in other viral infections'),'B20.3 HIV disease resulting in other viral infections',3); end
If Not Exists(Select 1 From LookupMasterItem where LookupMasterId=(SELECT TOP 1 Id FROM LookupMaster WHERE Name='SpecificDeathInfectiousCareEnded') and LookupItemId=(SELECT TOP 1 Id FROM LookupItem WHERE Name='B20.4 HIV disease resulting in candidiasis')) Begin Insert Into LookupMasterItem(LookupMasterId ,LookupItemId,DisplayName, OrdRank)VALUES((SELECT TOP 1 Id FROM LookupMaster WHERE Name='SpecificDeathInfectiousCareEnded'),(SELECT TOP 1 Id FROM LookupItem WHERE Name='B20.4 HIV disease resulting in candidiasis'),'B20.4 HIV disease resulting in candidiasis',4); end
If Not Exists(Select 1 From LookupMasterItem where LookupMasterId=(SELECT TOP 1 Id FROM LookupMaster WHERE Name='SpecificDeathInfectiousCareEnded') and LookupItemId=(SELECT TOP 1 Id FROM LookupItem WHERE Name='B20.5 HIV disease resulting in other mycoses')) Begin Insert Into LookupMasterItem(LookupMasterId ,LookupItemId,DisplayName, OrdRank)VALUES((SELECT TOP 1 Id FROM LookupMaster WHERE Name='SpecificDeathInfectiousCareEnded'),(SELECT TOP 1 Id FROM LookupItem WHERE Name='B20.5 HIV disease resulting in other mycoses'),'B20.5 HIV disease resulting in other mycoses',5); end
If Not Exists(Select 1 From LookupMasterItem where LookupMasterId=(SELECT TOP 1 Id FROM LookupMaster WHERE Name='SpecificDeathInfectiousCareEnded') and LookupItemId=(SELECT TOP 1 Id FROM LookupItem WHERE Name='B20.6 HIV disease resulting in Pneumocystis jirovecii pneumonia – HIV disease resulting in Pneumocystis carinii pneumonia')) Begin Insert Into LookupMasterItem(LookupMasterId ,LookupItemId,DisplayName, OrdRank)VALUES((SELECT TOP 1 Id FROM LookupMaster WHERE Name='SpecificDeathInfectiousCareEnded'),(SELECT TOP 1 Id FROM LookupItem WHERE Name='B20.6 HIV disease resulting in Pneumocystis jirovecii pneumonia – HIV disease resulting in Pneumocystis carinii pneumonia'),'B20.6 HIV disease resulting in Pneumocystis jirovecii pneumonia – HIV disease resulting in Pneumocystis carinii pneumonia',6); end
If Not Exists(Select 1 From LookupMasterItem where LookupMasterId=(SELECT TOP 1 Id FROM LookupMaster WHERE Name='SpecificDeathInfectiousCareEnded') and LookupItemId=(SELECT TOP 1 Id FROM LookupItem WHERE Name='B20.7 HIV disease resulting in multiple infections')) Begin Insert Into LookupMasterItem(LookupMasterId ,LookupItemId,DisplayName, OrdRank)VALUES((SELECT TOP 1 Id FROM LookupMaster WHERE Name='SpecificDeathInfectiousCareEnded'),(SELECT TOP 1 Id FROM LookupItem WHERE Name='B20.7 HIV disease resulting in multiple infections'),'B20.7 HIV disease resulting in multiple infections',7); end
If Not Exists(Select 1 From LookupMasterItem where LookupMasterId=(SELECT TOP 1 Id FROM LookupMaster WHERE Name='SpecificDeathInfectiousCareEnded') and LookupItemId=(SELECT TOP 1 Id FROM LookupItem WHERE Name='B20.8 HIV disease resulting in other infectious and parasitic diseases')) Begin Insert Into LookupMasterItem(LookupMasterId ,LookupItemId,DisplayName, OrdRank)VALUES((SELECT TOP 1 Id FROM LookupMaster WHERE Name='SpecificDeathInfectiousCareEnded'),(SELECT TOP 1 Id FROM LookupItem WHERE Name='B20.8 HIV disease resulting in other infectious and parasitic diseases'),'B20.8 HIV disease resulting in other infectious and parasitic diseases',8); end
If Not Exists(Select 1 From LookupMasterItem where LookupMasterId=(SELECT TOP 1 Id FROM LookupMaster WHERE Name='SpecificDeathInfectiousCareEnded') and LookupItemId=(SELECT TOP 1 Id FROM LookupItem WHERE Name='B20.9 HIV disease resulting in unspecified infectious or parasitic disease – HIV disease resulting in infection NOS')) Begin Insert Into LookupMasterItem(LookupMasterId ,LookupItemId,DisplayName, OrdRank)VALUES((SELECT TOP 1 Id FROM LookupMaster WHERE Name='SpecificDeathInfectiousCareEnded'),(SELECT TOP 1 Id FROM LookupItem WHERE Name='B20.9 HIV disease resulting in unspecified infectious or parasitic disease – HIV disease resulting in infection NOS'),'B20.9 HIV disease resulting in unspecified infectious or parasitic disease – HIV disease resulting in infection NOS',9); end


------------SpecificCauseOfDeathCareEnded
-- master
If Not Exists(Select 1 From LookupMaster where Name='SpecificDeathOtherHivCareEnded') Begin INSERT INTO LookupMaster (Name, DisplayName, DeleteFlag) VALUES ('SpecificDeathOtherHivCareEnded','SpecificDeathOtherHivCareEnded',0); End

If Not Exists(Select 1 From LookupItem where Name='B22 HIV disease resulting in other specified diseases (including encephalopathy, lymphoid interstitial pneumonitis, wasting syndrome, and others)') Begin INSERT INTO LookupItem (Name, DisplayName, DeleteFlag) VALUES ('B22 HIV disease resulting in other specified diseases (including encephalopathy, lymphoid interstitial pneumonitis, wasting syndrome, and others)','B22 HIV disease resulting in other specified diseases (including encephalopathy, lymphoid interstitial pneumonitis, wasting syndrome, and others)',0); End
If Not Exists(Select 1 From LookupItem where Name='B23 HIV disease resulting in other conditions (including acute HIV infection syndrome, (persistent) generalized lymphadenopathy, hematological and immunological abnormalities, and others)') Begin INSERT INTO LookupItem (Name, DisplayName, DeleteFlag) VALUES ('B23 HIV disease resulting in other conditions (including acute HIV infection syndrome, (persistent) generalized lymphadenopathy, hematological and immunological abnormalities, and others)','B23 HIV disease resulting in other conditions (including acute HIV infection syndrome, (persistent) generalized lymphadenopathy, hematological and immunological abnormalities, and others)',0); End
If Not Exists(Select 1 From LookupItem where Name='B24 Unspecified HIV disease') Begin INSERT INTO LookupItem (Name, DisplayName, DeleteFlag) VALUES ('B24 Unspecified HIV disease','B24 Unspecified HIV disease',0); End


-- LookupMasterItem
If Not Exists(Select 1 From LookupMasterItem where LookupMasterId=(SELECT TOP 1 Id FROM LookupMaster WHERE Name='SpecificDeathOtherHivCareEnded') and LookupItemId=(SELECT TOP 1 Id FROM LookupItem WHERE Name='B22 HIV disease resulting in other specified diseases (including encephalopathy, lymphoid interstitial pneumonitis, wasting syndrome, and others)')) Begin Insert Into LookupMasterItem(LookupMasterId ,LookupItemId,DisplayName, OrdRank)VALUES((SELECT TOP 1 Id FROM LookupMaster WHERE Name='SpecificDeathOtherHivCareEnded'),(SELECT TOP 1 Id FROM LookupItem WHERE Name='B22 HIV disease resulting in other specified diseases (including encephalopathy, lymphoid interstitial pneumonitis, wasting syndrome, and others)'),'B22 HIV disease resulting in other specified diseases (including encephalopathy, lymphoid interstitial pneumonitis, wasting syndrome, and others)',1); end
If Not Exists(Select 1 From LookupMasterItem where LookupMasterId=(SELECT TOP 1 Id FROM LookupMaster WHERE Name='SpecificDeathOtherHivCareEnded') and LookupItemId=(SELECT TOP 1 Id FROM LookupItem WHERE Name='B23 HIV disease resulting in other conditions (including acute HIV infection syndrome, (persistent) generalized lymphadenopathy, hematological and immunological abnormalities, and others)')) Begin Insert Into LookupMasterItem(LookupMasterId ,LookupItemId,DisplayName, OrdRank)VALUES((SELECT TOP 1 Id FROM LookupMaster WHERE Name='SpecificDeathOtherHivCareEnded'),(SELECT TOP 1 Id FROM LookupItem WHERE Name='B23 HIV disease resulting in other conditions (including acute HIV infection syndrome, (persistent) generalized lymphadenopathy, hematological and immunological abnormalities, and others)'),'B23 HIV disease resulting in other conditions (including acute HIV infection syndrome, (persistent) generalized lymphadenopathy, hematological and immunological abnormalities, and others)',2); end
If Not Exists(Select 1 From LookupMasterItem where LookupMasterId=(SELECT TOP 1 Id FROM LookupMaster WHERE Name='SpecificDeathOtherHivCareEnded') and LookupItemId=(SELECT TOP 1 Id FROM LookupItem WHERE Name='B24 Unspecified HIV disease')) Begin Insert Into LookupMasterItem(LookupMasterId ,LookupItemId,DisplayName, OrdRank)VALUES((SELECT TOP 1 Id FROM LookupMaster WHERE Name='SpecificDeathOtherHivCareEnded'),(SELECT TOP 1 Id FROM LookupItem WHERE Name='B24 Unspecified HIV disease'),'B24 Unspecified HIV disease',2); end

------------SpecificCauseOfDeathCareEnded
-- master
If Not Exists(Select 1 From LookupMaster where Name='SpecificDeathOtherNaturalCareEnded') Begin INSERT INTO LookupMaster (Name, DisplayName, DeleteFlag) VALUES ('SpecificDeathOtherNaturalCareEnded','SpecificDeathOtherNaturalCareEnded',0); End

If Not Exists(Select 1 From LookupItem where Name='Any patient who died from natural causes (including certain cancers and infections, etc.) that were not directly related to HIV disease') Begin INSERT INTO LookupItem (Name, DisplayName, DeleteFlag) VALUES ('Any patient who died from natural causes (including certain cancers and infections, etc.) that were not directly related to HIV disease','Any patient who died from natural causes (including certain cancers and infections, etc.) that were not directly related to HIV disease',0); End

-- LookupMasterItem
If Not Exists(Select 1 From LookupMasterItem where LookupMasterId=(SELECT TOP 1 Id FROM LookupMaster WHERE Name='SpecificDeathOtherNaturalCareEnded') and LookupItemId=(SELECT TOP 1 Id FROM LookupItem WHERE Name='Any patient who died from natural causes (including certain cancers and infections, etc.) that were not directly related to HIV disease')) Begin Insert Into LookupMasterItem(LookupMasterId ,LookupItemId,DisplayName, OrdRank)VALUES((SELECT TOP 1 Id FROM LookupMaster WHERE Name='SpecificDeathOtherNaturalCareEnded'),(SELECT TOP 1 Id FROM LookupItem WHERE Name='Any patient who died from natural causes (including certain cancers and infections, etc.) that were not directly related to HIV disease'),'Any patient who died from natural causes (including certain cancers and infections, etc.) that were not directly related to HIV disease',1); end

------------SpecificCauseOfDeathCareEnded
-- master
If Not Exists(Select 1 From LookupMaster where Name='SpecificDeathOtherNonNaturalCareEnded') Begin INSERT INTO LookupMaster (Name, DisplayName, DeleteFlag) VALUES ('SpecificDeathOtherNonNaturalCareEnded','SpecificDeathOtherNonNaturalCareEnded',0); End

If Not Exists(Select 1 From LookupItem where Name='Any patient who died from non-natural causes (e.g., trauma, accident, suicide, war, etc.)') Begin INSERT INTO LookupItem (Name, DisplayName, DeleteFlag) VALUES ('Any patient who died from non-natural causes (e.g., trauma, accident, suicide, war, etc.)','Any patient who died from non-natural causes (e.g., trauma, accident, suicide, war, etc.)',0); End

-- LookupMasterItem
If Not Exists(Select 1 From LookupMasterItem where LookupMasterId=(SELECT TOP 1 Id FROM LookupMaster WHERE Name='SpecificDeathOtherNonNaturalCareEnded') and LookupItemId=(SELECT TOP 1 Id FROM LookupItem WHERE Name='Any patient who died from non-natural causes (e.g., trauma, accident, suicide, war, etc.)')) Begin Insert Into LookupMasterItem(LookupMasterId ,LookupItemId,DisplayName, OrdRank)VALUES((SELECT TOP 1 Id FROM LookupMaster WHERE Name='SpecificDeathOtherNonNaturalCareEnded'),(SELECT TOP 1 Id FROM LookupItem WHERE Name='Any patient who died from non-natural causes (e.g., trauma, accident, suicide, war, etc.)'),'Any patient who died from non-natural causes (e.g., trauma, accident, suicide, war, etc.)',1); end


------------SpecificCauseOfDeathCareEnded
-- master
If Not Exists(Select 1 From LookupMaster where Name='SpecificDeathUnknownCareEnded') Begin INSERT INTO LookupMaster (Name, DisplayName, DeleteFlag) VALUES ('SpecificDeathUnknownCareEnded','SpecificDeathUnknownCareEnded',0); End

If Not Exists(Select 1 From LookupItem where Name='Patients in whom cause of death was truly not known') Begin INSERT INTO LookupItem (Name, DisplayName, DeleteFlag) VALUES ('Patients in whom cause of death was truly not known','Patients in whom cause of death was truly not known',0); End

-- LookupMasterItem
If Not Exists(Select 1 From LookupMasterItem where LookupMasterId=(SELECT TOP 1 Id FROM LookupMaster WHERE Name='SpecificDeathUnknownCareEnded') and LookupItemId=(SELECT TOP 1 Id FROM LookupItem WHERE Name='Patients in whom cause of death was truly not known')) Begin Insert Into LookupMasterItem(LookupMasterId ,LookupItemId,DisplayName, OrdRank)VALUES((SELECT TOP 1 Id FROM LookupMaster WHERE Name='SpecificDeathUnknownCareEnded'),(SELECT TOP 1 Id FROM LookupItem WHERE Name='Patients in whom cause of death was truly not known'),'Patients in whom cause of death was truly not known',1); end
